{"name":"purpleforest","color":[0.43,0.30,0.46,1],"base_texture":"/pa/terrain/purpleforest/textures/base/puf_tile_diffuse.papa","normal_texture":"/pa/terrain/grass/textures/base/grass_tile_normal.papa",
"layers":[
    {"note":"0","disable":true,"noise":{"scale":1.5,"zoom":1,"type":"simplex"}},
    {"note":"1","noise":{"scale":1,"zoom":1,"type":"simplex"}},
    {"note":"2","noise":{"scale":3,"zoom":2,"type":"simplex"}},
    {"note":"3","noise":{"scale":4,"zoom":10,"type":"simplex"}},
    {"note":"4","inherit_noise":true},
    {"note":"5","inherit_noise":true},
    {"note":"6","inherit_noise":true},
    {"note":"7","inherit_noise":true},
    {"note":"8","inherit_noise":true},
    {"note":"9","inherit_noise":true},
    {"note":"10","inherit_noise":true},
    {"note":"11","inherit_noise":true},
    {"note":"12","inherit_noise":true},
    {"note":"13","inherit_noise":true},
    {"note":"14","inherit_noise":true},
    {"note":"15","inherit_noise":true},
    {"note":"16","inherit_noise":true},
    {"note":"17","inherit_noise":true}
    ],
"brushes":[
    ],
"features":[
    {"layer":3,"noise_range":[0.4,0.6],"cluster_count_range":[0,3],"cluster_size":10,"elevation_range":[-1,1],"feature_spec":"/pa/terrain/purpleforest/features/puf_tree_01.json","scale":[1,1,1]},
    {"layer":4,"noise_range":[0.3,0.5],"cluster_count_range":[0,5],"cluster_size":20,"elevation_range":[-1,1],"feature_spec":"/pa/terrain/purpleforest/features/puf_tree_02.json","scale":[1,1,1]},
    {"layer":5,"noise_range":[0.32,0.52],"cluster_count_range":[0,7],"cluster_size":30,"elevation_range":[-1,1],"feature_spec":"/pa/terrain/purpleforest/features/puf_tree_03.json","scale":[1,1,1]}
],
"decals":[
    {"layer":4,"bias":200,"noise_range":[0.0,1.0],"pos_range":[0.2,0.2],"biome_distance_range":[0,5],"elevation_range":[-1.0,1.0],"scale":[60,60,1],"scale_variation":0.2,"count":1,"material_spec":"/pa/terrain/purpleforest/decals/puf_decal_02.json"},
    {"layer":5,"bias":100,"noise_range":[0.0,1.0],"pos_range":[0.0,0.0],"elevation_range":[-1.0,1.0],"scale":[50,50,1],"scale_variation":0,"count":1,"material_spec":"/pa/terrain/purpleforest/decals/puf_decal_01.json"}
]}