{"name":"ice","color":[0.647,0.812,0.92,1],"base_texture":"/pa/terrain/ice/textures/base/ice_tile_diffuse.papa","normal_texture":"/pa/terrain/ice/textures/base/ice_tile_normal.papa","layers":[{"note":"0","disable":true},{"note":"1","noise":{"scale":2,"zoom":5,"type":"simplex"}},{"note":"2","noise":{"scale":50,"zoom":1,"type":"simplex"}},{"note":"3","noise":{"scale":2,"zoom":5,"type":"simplex"}},{"note":"4","inherit_noise":true},{"note":"5","inherit_noise":true},{"note":"6","inherit_noise":true},{"note":"7","inherit_noise":true},{"note":"8","inherit_noise":true},{"note":"9","inherit_noise":true},{"note":"10","inherit_noise":true},{"note":"11","inherit_noise":true},{"note":"12","inherit_noise":true},{"note":"13","inherit_noise":true},{"note":"14","inherit_noise":true},{"note":"15","inherit_noise":true},{"note":"16","noise":{"scale":50,"zoom":0,"type":"simplex"}}],"brushes":[{"group":"basic","layer":2,"brush_spec":"/pa/terrain/ice/brushes/ice_cliff_01.json","op":"BO_Add","proj":"BP_Bend","noise_range":[0.1,0.4],"biome_distance_range":[50,null],"threshold":0,"weight":1,"weight_scale":4,"bias":1,"scale":[1,1,1]},{"group":"basic","layer":2,"brush_spec":"/pa/terrain/ice/brushes/ice_cliff_02.json","op":"BO_Add","proj":"BP_Bend","noise_range":[0.1,0.4],"biome_distance_range":[50,null],"threshold":0,"weight":1,"weight_scale":4,"bias":1,"scale":[1,1,1]},{"group":"basic","layer":2,"brush_spec":"/pa/terrain/ice/brushes/ice_cliff_03.json","op":"BO_Add","proj":"BP_Bend","noise_range":[0.1,0.4],"biome_distance_range":[50,null],"threshold":0,"weight":1,"weight_scale":5,"bias":1,"scale":[1,1,1]},{"group":"basic","layer":2,"brush_spec":"/pa/terrain/ice/brushes/ice_cliff_04.json","op":"BO_Add","proj":"BP_Bend","noise_range":[0.1,0.4],"biome_distance_range":[50,null],"threshold":0,"weight":1,"weight_scale":6,"bias":1,"scale":[1,1,1]},{"group":"basic","layer":1,"brush_spec":"/pa/terrain/ice/brushes/ice_cliff_05.json","op":"BO_Add","proj":"BP_Bend","noise_range":[0.35,0.36],"biome_distance_range":[50,null],"threshold":0,"weight":1.0,"weight_hard":1,"weight_scale":2,"bias":1,"scale":[1,1,1]},{"group":"basic","layer":1,"brush_spec":"/pa/terrain/ice/brushes/ice_cliff_06.json","op":"BO_Add","proj":"BP_Bend","noise_range":[0.34,0.36],"biome_distance_range":[50,null],"threshold":1,"weight":1.0,"weight_hard":1,"weight_scale":2,"bias":1,"scale":[1,1,1]},{"group":"basic","layer":1,"brush_spec":"/pa/terrain/ice/brushes/ice_cliff_07.json","op":"BO_Add","proj":"BP_Bend","noise_range":[0.34,0.36],"biome_distance_range":[50,null],"threshold":1,"weight":1.0,"weight_hard":1,"weight_scale":2,"bias":1,"scale":[1,1,1]},{"group":"basic","layer":1,"brush_spec":"/pa/terrain/ice/brushes/ice_cliff_08.json","op":"BO_Add","proj":"BP_Bend","noise_range":[0.34,0.36],"biome_distance_range":[60,null],"threshold":1,"weight":1.0,"weight_hard":1,"weight_scale":2,"bias":1,"scale":[1,1,1]},{"group":"basic","layer":1,"brush_spec":"/pa/terrain/ice/brushes/ice_cliff_09.json","op":"BO_Add","proj":"BP_Bend","noise_range":[0.46,0.48],"biome_distance_range":[60,null],"threshold":1,"weight":1.0,"weight_hard":1,"weight_scale":2,"bias":1,"scale":[1,1,1]},{"group":"basic","layer":1,"brush_spec":"/pa/terrain/ice/brushes/ice_cliff_10.json","op":"BO_Add","proj":"BP_Bend","noise_range":[0.45,0.47],"biome_distance_range":[100,null],"threshold":1,"weight":1.0,"weight_hard":1,"weight_scale":2,"bias":1,"scale":[1,1,1]},{"group":"basic","layer":1,"brush_spec":"/pa/terrain/ice/brushes/ice_cliff_11.json","op":"BO_Add","proj":"BP_Bend","noise_range":[0.45,0.48],"biome_distance_range":[60,null],"threshold":1,"weight":1.0,"weight_hard":1,"weight_scale":4,"bias":1,"scale":[1,1,1]},{"group":"basic","layer":3,"weight":2,"weight_hard":1,"threshold":0,"sample_scale":1.2,"bias":1,"noise_range":[0.3,0.32],"biome_distance_range":[100,null],"op":"BO_Subtract","proj":"BP_Bend","brush_spec":"/pa/terrain/ice/brushes/ice_crack_01.json","scale":[1,1,1]},{"group":"basic","layer":3,"weight":4,"weight_scale":3,"weight_hard":1,"threshold":0,"sample_scale":1.2,"bias":1,"noise_range":[0.3,0.32],"biome_distance_range":[100,null],"op":"BO_Subtract","proj":"BP_Bend","brush_spec":"/pa/terrain/ice/brushes/ice_crack_02.json","scale":[1,1,1]},{"group":"organic","layer":0,"brush_spec":"/pa/terrain/ice/brushes/ice_t1_large_2_ramp.json","op":"BO_Add","proj":"BP_Bend","planet_size_range":[10,20],"required_content":"PAExpansion1"},{"group":"organic","layer":0,"brush_spec":"/pa/terrain/ice/brushes/ice_t1_large_3_ramp.json","op":"BO_Add","proj":"BP_Bend","planet_size_range":[10,20],"required_content":"PAExpansion1"},{"group":"organic","layer":0,"brush_spec":"/pa/terrain/ice/brushes/ice_t1_large_4_ramp.json","op":"BO_Add","proj":"BP_Bend","planet_size_range":[10,20],"required_content":"PAExpansion1"},{"group":"organic","layer":7,"brush_spec":"/pa/terrain/ice/brushes/ice_t1_large_8_ramp.json","op":"BO_Add","proj":"BP_Bend","planet_size_range":[10,20],"required_content":"PAExpansion1"},{"group":"organic","layer":7,"brush_spec":"/pa/terrain/ice/brushes/ice_t1_medium_2_ramp.json","op":"BO_Add","proj":"BP_Bend","planet_size_range":[10,20],"required_content":"PAExpansion1"},{"group":"organic","layer":7,"brush_spec":"/pa/terrain/ice/brushes/ice_t1_medium_4_ramp.json","op":"BO_Add","proj":"BP_Bend","planet_size_range":[10,20],"required_content":"PAExpansion1"},{"group":"organic","layer":0,"brush_spec":"/pa/terrain/ice/brushes/ice_t1_pit_2_ramp.json","op":"BO_Subtract","proj":"BP_Bend","planet_size_range":[10,20],"required_content":"PAExpansion1"},{"group":"organic","layer":0,"brush_spec":"/pa/terrain/ice/brushes/ice_t2_large_4_ramp.json","op":"BO_Add","proj":"BP_Bend","planet_size_range":[10,20],"required_content":"PAExpansion1"},{"group":"organic","layer":0,"brush_spec":"/pa/terrain/ice/brushes/ice_t2_large_bend.json","op":"BO_Add","proj":"BP_Bend","planet_size_range":[10,20],"required_content":"PAExpansion1"},{"group":"organic","layer":0,"brush_spec":"/pa/terrain/ice/brushes/ice_t2_large_long.json","op":"BO_Add","proj":"BP_Bend","planet_size_range":[10,20],"required_content":"PAExpansion1"},{"group":"organic","layer":0,"brush_spec":"/pa/terrain/ice/brushes/ice_t2_medium_2_ramp.json","op":"BO_Add","proj":"BP_Bend","planet_size_range":[10,20],"required_content":"PAExpansion1"},{"group":"organic","layer":0,"brush_spec":"/pa/terrain/ice/brushes/ice_t2_medium_4_ramp.json","op":"BO_Add","proj":"BP_Bend","planet_size_range":[10,20],"required_content":"PAExpansion1"},{"group":"organic","layer":0,"brush_spec":"/pa/terrain/ice/brushes/ice_t2_medium_bend.json","op":"BO_Add","proj":"BP_Bend","planet_size_range":[10,20],"required_content":"PAExpansion1"},{"group":"organic","layer":7,"brush_spec":"/pa/terrain/ice/brushes/ice_t2_medium_long.json","op":"BO_Add","proj":"BP_Bend","planet_size_range":[10,20],"required_content":"PAExpansion1"},{"group":"organic","layer":0,"brush_spec":"/pa/terrain/ice/brushes/ice_t2_medium_wide_ramp.json","op":"BO_Add","proj":"BP_Bend","planet_size_range":[10,20],"required_content":"PAExpansion1"},{"group":"organic","layer":0,"brush_spec":"/pa/terrain/ice/brushes/ice_t2_small_1_ramp.json","op":"BO_Add","proj":"BP_Bend","planet_size_range":[10,20],"required_content":"PAExpansion1"},{"group":"organic","layer":7,"brush_spec":"/pa/terrain/ice/brushes/ice_t2_small_2_ramp.json","op":"BO_Add","proj":"BP_Bend","planet_size_range":[10,20],"required_content":"PAExpansion1"},{"group":"organic","layer":0,"brush_spec":"/pa/terrain/ice/brushes/ice_t3_medium_2_ramp.json","op":"BO_Add","proj":"BP_Bend","planet_size_range":[10,20],"required_content":"PAExpansion1"},{"group":"organic","layer":7,"brush_spec":"/pa/terrain/ice/brushes/ice_t3_medium_4_ramp.json","op":"BO_Add","proj":"BP_Bend","planet_size_range":[10,20],"required_content":"PAExpansion1"},{"group":"organic","layer":0,"brush_spec":"/pa/terrain/ice/brushes/ice_t3_small.json","op":"BO_Add","proj":"BP_Bend","planet_size_range":[10,20],"required_content":"PAExpansion1"},{"group":"organic","layer":0,"brush_spec":"/pa/terrain/ice/brushes/ice_t3_small_1_ramp.json","op":"BO_Add","proj":"BP_Bend","planet_size_range":[10,20],"required_content":"PAExpansion1"},{"group":"organic","layer":7,"brush_spec":"/pa/terrain/ice/brushes/ice_t3_small_2_ramp.json","op":"BO_Add","proj":"BP_Bend","planet_size_range":[10,20],"required_content":"PAExpansion1"},{"group":"organic","layer":7,"brush_spec":"/pa/terrain/ice/brushes/ice_t3_small_2x_1_ramp.json","op":"BO_Add","proj":"BP_Bend","planet_size_range":[10,20],"required_content":"PAExpansion1"},{"group":"organic","layer":0,"brush_spec":"/pa/terrain/ice/brushes/ice_t3_small_3_ramp.json","op":"BO_Add","proj":"BP_Bend","planet_size_range":[10,20],"required_content":"PAExpansion1"},{"group":"structural","layer":0,"brush_spec":"/pa/terrain/ice/brushes/ice_metal_t1_large_2_ramp.json","op":"BO_Add","proj":"BP_Bend","planet_size_range":[10,20],"required_content":"PAExpansion1"},{"group":"structural","layer":7,"brush_spec":"/pa/terrain/ice/brushes/ice_metal_t1_large_3_ramp.json","op":"BO_Add","proj":"BP_Bend","planet_size_range":[10,20],"required_content":"PAExpansion1"},{"group":"structural","layer":7,"brush_spec":"/pa/terrain/ice/brushes/ice_metal_t1_large_4_ramp.json","op":"BO_Add","proj":"BP_Bend","planet_size_range":[10,20],"required_content":"PAExpansion1"},{"group":"structural","layer":7,"brush_spec":"/pa/terrain/ice/brushes/ice_metal_t1_large_8_ramp.json","op":"BO_Add","proj":"BP_Bend","planet_size_range":[10,20],"required_content":"PAExpansion1"},{"group":"structural","layer":7,"brush_spec":"/pa/terrain/ice/brushes/ice_metal_t1_medium_2_ramp.json","op":"BO_Add","proj":"BP_Bend","planet_size_range":[10,20],"required_content":"PAExpansion1"},{"group":"structural","layer":0,"brush_spec":"/pa/terrain/ice/brushes/ice_metal_t1_medium_4_ramp.json","op":"BO_Add","proj":"BP_Bend","planet_size_range":[10,20],"required_content":"PAExpansion1"},{"group":"structural","layer":7,"brush_spec":"/pa/terrain/ice/brushes/ice_metal_t1_pit_2_ramp.json","op":"BO_Subtract","proj":"BP_Bend","planet_size_range":[10,20],"required_content":"PAExpansion1"},{"group":"structural","layer":7,"brush_spec":"/pa/terrain/ice/brushes/ice_metal_t2_large_4_ramp.json","op":"BO_Add","proj":"BP_Bend","planet_size_range":[10,20],"required_content":"PAExpansion1"},{"group":"structural","layer":0,"brush_spec":"/pa/terrain/ice/brushes/ice_metal_t2_large_bend.json","op":"BO_Add","proj":"BP_Bend","planet_size_range":[10,20],"required_content":"PAExpansion1"},{"group":"structural","layer":0,"brush_spec":"/pa/terrain/ice/brushes/ice_metal_t2_large_long.json","op":"BO_Add","proj":"BP_Bend","planet_size_range":[10,20],"required_content":"PAExpansion1"},{"group":"structural","layer":7,"brush_spec":"/pa/terrain/ice/brushes/ice_metal_t2_medium_2_ramp.json","op":"BO_Add","proj":"BP_Bend","planet_size_range":[10,20],"required_content":"PAExpansion1"},{"group":"structural","layer":7,"brush_spec":"/pa/terrain/ice/brushes/ice_metal_t2_medium_3_ramp.json","op":"BO_Add","proj":"BP_Bend","planet_size_range":[10,20],"required_content":"PAExpansion1"},{"group":"structural","layer":7,"brush_spec":"/pa/terrain/ice/brushes/ice_metal_t2_medium_4_ramp.json","op":"BO_Add","proj":"BP_Bend","planet_size_range":[10,20],"required_content":"PAExpansion1"},{"group":"structural","layer":7,"brush_spec":"/pa/terrain/ice/brushes/ice_metal_t2_medium_bend.json","op":"BO_Add","proj":"BP_Bend","planet_size_range":[10,20],"required_content":"PAExpansion1"},{"group":"structural","layer":0,"brush_spec":"/pa/terrain/ice/brushes/ice_metal_t2_medium_long.json","op":"BO_Add","proj":"BP_Bend","planet_size_range":[10,20],"required_content":"PAExpansion1"},{"group":"structural","layer":7,"brush_spec":"/pa/terrain/ice/brushes/ice_metal_t2_medium_wide_ramp.json","op":"BO_Add","proj":"BP_Bend","planet_size_range":[10,20],"required_content":"PAExpansion1"},{"group":"structural","layer":0,"brush_spec":"/pa/terrain/ice/brushes/ice_metal_t2_small_1_ramp.json","op":"BO_Add","proj":"BP_Bend","planet_size_range":[10,20],"required_content":"PAExpansion1"},{"group":"structural","layer":7,"brush_spec":"/pa/terrain/ice/brushes/ice_metal_t2_small_2_ramp.json","op":"BO_Add","proj":"BP_Bend","planet_size_range":[10,20],"required_content":"PAExpansion1"},{"group":"structural","layer":7,"brush_spec":"/pa/terrain/ice/brushes/ice_metal_t3_medium_2_ramp.json","op":"BO_Add","proj":"BP_Bend","planet_size_range":[10,20],"required_content":"PAExpansion1"},{"group":"structural","layer":0,"brush_spec":"/pa/terrain/ice/brushes/ice_metal_t3_medium_4_ramp.json","op":"BO_Add","proj":"BP_Bend","planet_size_range":[10,20],"required_content":"PAExpansion1"},{"group":"structural","layer":0,"brush_spec":"/pa/terrain/ice/brushes/ice_metal_t3_small.json","op":"BO_Add","proj":"BP_Bend","planet_size_range":[10,20],"required_content":"PAExpansion1"},{"group":"structural","layer":0,"brush_spec":"/pa/terrain/ice/brushes/ice_metal_t3_small_1_ramp.json","op":"BO_Add","proj":"BP_Bend","planet_size_range":[10,20],"required_content":"PAExpansion1"},{"group":"structural","layer":7,"brush_spec":"/pa/terrain/ice/brushes/ice_metal_t3_small_2_ramp.json","op":"BO_Add","proj":"BP_Bend","planet_size_range":[10,20],"required_content":"PAExpansion1"},{"group":"structural","layer":7,"brush_spec":"/pa/terrain/ice/brushes/ice_metal_t3_small_3_ramp.json","op":"BO_Add","proj":"BP_Bend","planet_size_range":[10,20],"required_content":"PAExpansion1"},{"group":"structural","layer":7,"brush_spec":"/pa/terrain/ice/brushes/ice_metal_t3_small_2x_1_ramp.json","op":"BO_Add","proj":"BP_Bend","planet_size_range":[10,20],"required_content":"PAExpansion1"}],"features":[{"layer":3,"op":"BO_Add","noise_range":[0.1,0.4],"cluster_size":12,"cluster_count_range":[0,4],"feature_spec":"/pa/terrain/ice/features/ice_chunk_01.json","scale":[1.0,1.0,1.0]},{"layer":4,"op":"BO_Add","noise_range":[0.1,0.4],"cluster_size":12,"cluster_count_range":[0,3],"feature_spec":"/pa/terrain/ice/features/ice_chunk_02.json","scale":[1.0,1.0,1.0]},{"layer":5,"op":"BO_Add","noise_range":[0.1,0.4],"cluster_size":10,"cluster_count_range":[0,3],"feature_spec":"/pa/terrain/ice/features/ice_chunk_03.json","scale":[1.0,1.0,1.0]},{"layer":6,"op":"BO_Add","noise_range":[0.1,0.4],"cluster_size":11,"cluster_count_range":[0,3],"feature_spec":"/pa/terrain/ice/features/ice_chunk_04.json","scale":[1.0,1.0,1.0]},{"layer":7,"op":"BO_Add","noise_range":[0.1,0.4],"threshold":10,"cluster_size":11,"cluster_count_range":[0,3],"feature_spec":"/pa/terrain/ice/features/ice_chunk_05.json","scale":[1.0,1.0,1.0]},{"layer":8,"op":"BO_Add","noise_range":[0.1,0.4],"cluster_size":10,"cluster_count_range":[0,3],"feature_spec":"/pa/terrain/ice/features/ice_chunk_06.json","scale":[1.0,1.0,1.0]},{"layer":9,"op":"BO_Add","noise_range":[0.1,0.4],"cluster_size":9,"cluster_count_range":[0,2],"feature_spec":"/pa/terrain/ice/features/ice_chunk_07.json","scale":[1.0,1.0,1.0]},{"layer":10,"op":"BO_Add","noise_range":[0.1,0.4],"cluster_size":9,"cluster_count_range":[0,2],"feature_spec":"/pa/terrain/ice/features/ice_chunk_08.json","scale":[1.0,1.0,1.0]},{"layer":11,"op":"BO_Add","noise_range":[0.25,0.4],"cluster_size":10,"cluster_count_range":[0,1],"feature_spec":"/pa/terrain/ice/features/ice_chunk_09.json","scale":[1.0,1.0,1.0]},{"layer":12,"op":"BO_Add","noise_range":[0.5,0.52],"cluster_size":10,"cluster_count_range":[0,1],"feature_spec":"/pa/terrain/ice/features/ice_chunk_10.json","scale":[1.0,1.0,1.0]},{"layer":13,"op":"BO_Add","noise_range":[0.55,0.56],"cluster_size":10,"cluster_count_range":[0,1],"feature_spec":"/pa/terrain/ice/features/ice_chunk_11.json","scale":[1.0,1.0,1.0]},{"layer":14,"op":"BO_Add","noise_range":[0.5,0.51],"cluster_size":15,"cluster_count_range":[0,1],"feature_spec":"/pa/terrain/ice/features/ice_chunk_12.json","scale":[1.0,1.0,1.0]},{"layer":15,"op":"BO_Add","noise_range":[0.3,0.31],"cluster_size":15,"cluster_count_range":[0,1],"feature_spec":"/pa/terrain/ice/features/ice_chunk_13.json","scale":[1.0,1.0,1.0]},{"layer":15,"op":"BO_Add","noise_range":[0.35,0.36],"cluster_size":15,"cluster_count_range":[0,1],"feature_spec":"/pa/terrain/ice/features/ice_chunk_14.json","scale":[1.0,1.0,1.0]},{"layer":15,"op":"BO_Add","noise_range":[0.44,0.45],"cluster_size":15,"cluster_count_range":[0,1],"feature_spec":"/pa/terrain/ice/features/ice_chunk_15.json","scale":[1.0,1.0,1.0]},{"layer":15,"op":"BO_Add","noise_range":[0.5,0.51],"cluster_size":15,"cluster_count_range":[0,1],"feature_spec":"/pa/terrain/ice/features/ice_chunk_16.json","scale":[1.0,1.0,1.0]},{"layer":15,"op":"BO_Add","noise_range":[0.36,0.37],"cluster_size":15,"cluster_count_range":[0,1],"feature_spec":"/pa/terrain/ice/features/ice_chunk_17.json","scale":[1.0,1.0,1.0]},{"layer":15,"op":"BO_Add","noise_range":[0.38,0.39],"cluster_size":15,"cluster_count_range":[0,1],"feature_spec":"/pa/terrain/ice/features/ice_chunk_18.json","scale":[1.0,1.0,1.0]},{"layer":16,"op":"BO_Add","noise_range":[0,1],"cluster_size":5,"cluster_count_range":[0,1],"water_distance_range":[-20,10],"feature_spec":"/pa/terrain/ice/features/ice_floater_01.json","scale":[1.0,1.0,1.0]},{"layer":16,"op":"BO_Add","noise_range":[0,1],"cluster_size":5,"cluster_count_range":[0,1],"water_distance_range":[-20,10],"feature_spec":"/pa/terrain/ice/features/ice_floater_02.json","scale":[1.0,1.0,1.0]},{"layer":16,"op":"BO_Add","noise_range":[0,1],"cluster_size":5,"cluster_count_range":[0,1],"water_distance_range":[-20,10],"feature_spec":"/pa/terrain/ice/features/ice_floater_03.json","scale":[1.0,1.0,1.0]},{"layer":16,"op":"BO_Add","noise_range":[0,1],"cluster_size":5,"cluster_count_range":[0,1],"water_distance_range":[-20,10],"feature_spec":"/pa/terrain/ice/features/ice_floater_04.json","scale":[1.0,1.0,1.0]},{"layer":16,"op":"BO_Add","noise_range":[0,1],"cluster_size":5,"cluster_count_range":[0,1],"water_distance_range":[-20,10],"feature_spec":"/pa/terrain/ice/features/ice_floater_05.json","scale":[1.0,1.0,1.0]},{"layer":16,"op":"BO_Add","noise_range":[0,1],"cluster_size":5,"cluster_count_range":[0,1],"water_distance_range":[-20,10],"feature_spec":"/pa/terrain/ice/features/ice_floater_06.json","scale":[1.0,1.0,1.0]},{"layer":16,"op":"BO_Add","noise_range":[0,1],"cluster_size":5,"cluster_count_range":[0,1],"water_distance_range":[-20,10],"feature_spec":"/pa/terrain/ice/features/ice_floater_07.json","scale":[1.0,1.0,1.0]},{"layer":16,"op":"BO_Add","noise_range":[0,1],"cluster_size":5,"cluster_count_range":[0,1],"water_distance_range":[-20,10],"feature_spec":"/pa/terrain/ice/features/ice_floater_08.json","scale":[1.0,1.0,1.0]},{"layer":16,"op":"BO_Add","noise_range":[0,1],"cluster_size":5,"cluster_count_range":[0,1],"water_distance_range":[-20,10],"feature_spec":"/pa/terrain/ice/features/ice_floater_09.json","scale":[1.0,1.0,1.0]},{"layer":16,"op":"BO_Add","noise_range":[0,1],"cluster_size":5,"cluster_count_range":[0,1],"water_distance_range":[-20,10],"feature_spec":"/pa/terrain/ice/features/ice_floater_10.json","scale":[1.0,1.0,1.0]},{"layer":16,"op":"BO_Add","noise_range":[0,1],"cluster_size":5,"cluster_count_range":[0,1],"water_distance_range":[-20,10],"feature_spec":"/pa/terrain/ice/features/ice_floater_11.json","scale":[1.0,1.0,1.0]},{"layer":16,"op":"BO_Add","noise_range":[0,1],"cluster_size":5,"cluster_count_range":[0,1],"water_distance_range":[-20,10],"feature_spec":"/pa/terrain/ice/features/ice_floater_12.json","scale":[1.0,1.0,1.0]},{"layer":16,"op":"BO_Add","noise_range":[0,1],"cluster_size":5,"cluster_count_range":[0,1],"water_distance_range":[-20,10],"feature_spec":"/pa/terrain/ice/features/ice_floater_13.json","scale":[1.0,1.0,1.0]}],"decals":[{"layer":8,"bias":200,"noise_range":[0.0,1.0],"pos_range":[0,0],"elevation_range":[-1.0,1.0],"water_distance_range":[-60.0,null],"scale":[50,50,1],"scale_variation":0,"count":1,"material_spec":"/pa/terrain/ice/decals/ice_decal_01.json"},{"layer":9,"bias":200,"noise_range":[0.0,1.0],"pos_range":[0.2,0.2],"elevation_range":[-1,1],"biome_distance_range":[0,5],"scale":[60,60,1],"scale_variation":0.2,"count":1,"material_spec":"/pa/terrain/ice/decals/ice_decal_02.json"}]}