{"name":"sand","color":[0.73,0.576,0.4,1],"base_texture":"/pa/terrain/sand/textures/base/sand_tile_diffuse.papa","normal_texture":"/pa/terrain/sand/textures/base/sand_tile_normal.papa","layers":[{"note":"0","disable":true,"noise":{"scale":2,"zoom":1.5,"type":"simplex"}},{"note":"1","disable":false,"noise":{"scale":2,"zoom":15,"type":"simplex"}},{"note":"2","disable":false,"inherit_weight":true,"noise":{"scale":2,"zoom":10,"type":"simplex"}},{"note":"3","noise":{"scale":4,"zoom":10,"type":"simplex"}},{"note":"4","inherit_noise":true},{"note":"5","inherit_noise":true},{"note":"6","inherit_noise":true},{"note":"7","inherit_noise":true},{"note":"8","inherit_noise":true},{"note":"9","inherit_noise":true},{"note":"10","inherit_noise":true},{"note":"11","inherit_noise":true},{"note":"12","inherit_noise":true},{"note":"13","inherit_noise":true},{"note":"14","inherit_noise":true},{"note":"15","inherit_noise":true},{"note":"16","inherit_noise":true},{"note":"17","inherit_noise":true},{"note":"18","inherit_noise":true},{"note":"19","inherit_noise":true},{"note":"20","inherit_noise":true},{"note":"21","inherit_noise":true},{"note":"22","inherit_noise":true},{"note":"23","inherit_noise":true},{"note":"24","inherit_noise":true}],"brushes":[{"group":"organic","layer":7,"brush_spec":"/pa/terrain/sand/brushes/sand_t1_large_8_ramp.json","op":"BO_Add","proj":"BP_Bend","planet_size_range":[10,20],"required_content":"PAExpansion1"},{"group":"organic","layer":7,"brush_spec":"/pa/terrain/sand/brushes/sand_t1_medium_2_ramp.json","op":"BO_Add","proj":"BP_Bend","planet_size_range":[10,20],"required_content":"PAExpansion1"},{"group":"organic","layer":7,"brush_spec":"/pa/terrain/sand/brushes/sand_t1_medium_4_ramp.json","op":"BO_Add","proj":"BP_Bend","planet_size_range":[10,20],"required_content":"PAExpansion1"},{"group":"organic","layer":7,"brush_spec":"/pa/terrain/sand/brushes/sand_t2_medium_long.json","op":"BO_Add","proj":"BP_Bend","planet_size_range":[10,20],"required_content":"PAExpansion1"},{"group":"organic","layer":7,"brush_spec":"/pa/terrain/sand/brushes/sand_t2_small_2_ramp.json","op":"BO_Add","proj":"BP_Bend","planet_size_range":[10,20],"required_content":"PAExpansion1"},{"group":"organic","layer":7,"brush_spec":"/pa/terrain/sand/brushes/sand_t3_medium_4_ramp.json","op":"BO_Add","proj":"BP_Bend","planet_size_range":[10,20],"required_content":"PAExpansion1"},{"group":"organic","layer":7,"brush_spec":"/pa/terrain/sand/brushes/sand_t3_small_2_ramp.json","op":"BO_Add","proj":"BP_Bend","planet_size_range":[10,20],"required_content":"PAExpansion1"},{"group":"organic","layer":7,"brush_spec":"/pa/terrain/sand/brushes/sand_t3_small_2x_1_ramp.json","op":"BO_Add","proj":"BP_Bend","planet_size_range":[10,20],"required_content":"PAExpansion1"},{"group":"structural","layer":7,"brush_spec":"/pa/terrain/sand/brushes/sand_metal_t1_large_3_ramp.json","op":"BO_Add","proj":"BP_Bend","planet_size_range":[10,20],"required_content":"PAExpansion1"},{"group":"structural","layer":7,"brush_spec":"/pa/terrain/sand/brushes/sand_metal_t1_large_4_ramp.json","op":"BO_Add","proj":"BP_Bend","planet_size_range":[10,20],"required_content":"PAExpansion1"},{"group":"structural","layer":7,"brush_spec":"/pa/terrain/sand/brushes/sand_metal_t1_large_8_ramp.json","op":"BO_Add","proj":"BP_Bend","planet_size_range":[10,20],"required_content":"PAExpansion1"},{"group":"structural","layer":7,"brush_spec":"/pa/terrain/sand/brushes/sand_metal_t1_medium_2_ramp.json","op":"BO_Add","proj":"BP_Bend","planet_size_range":[10,20],"required_content":"PAExpansion1"},{"group":"structural","layer":7,"brush_spec":"/pa/terrain/sand/brushes/sand_metal_t1_pit_2_ramp.json","op":"BO_Subtract","proj":"BP_Bend","planet_size_range":[10,20],"required_content":"PAExpansion1"},{"group":"structural","layer":7,"brush_spec":"/pa/terrain/sand/brushes/sand_metal_t2_large_4_ramp.json","op":"BO_Add","proj":"BP_Bend","planet_size_range":[10,20],"required_content":"PAExpansion1"},{"group":"structural","layer":7,"brush_spec":"/pa/terrain/sand/brushes/sand_metal_t2_medium_2_ramp.json","op":"BO_Add","proj":"BP_Bend","planet_size_range":[10,20],"required_content":"PAExpansion1"},{"group":"structural","layer":7,"brush_spec":"/pa/terrain/sand/brushes/sand_metal_t2_medium_3_ramp.json","op":"BO_Add","proj":"BP_Bend","planet_size_range":[10,20],"required_content":"PAExpansion1"},{"group":"structural","layer":7,"brush_spec":"/pa/terrain/sand/brushes/sand_metal_t2_medium_4_ramp.json","op":"BO_Add","proj":"BP_Bend","planet_size_range":[10,20],"required_content":"PAExpansion1"},{"group":"structural","layer":7,"brush_spec":"/pa/terrain/sand/brushes/sand_metal_t2_medium_bend.json","op":"BO_Add","proj":"BP_Bend","planet_size_range":[10,20],"required_content":"PAExpansion1"},{"group":"structural","layer":7,"brush_spec":"/pa/terrain/sand/brushes/sand_metal_t2_medium_wide_ramp.json","op":"BO_Add","proj":"BP_Bend","planet_size_range":[10,20],"required_content":"PAExpansion1"},{"group":"structural","layer":7,"brush_spec":"/pa/terrain/sand/brushes/sand_metal_t2_small_2_ramp.json","op":"BO_Add","proj":"BP_Bend","planet_size_range":[10,20],"required_content":"PAExpansion1"},{"group":"structural","layer":7,"brush_spec":"/pa/terrain/sand/brushes/sand_metal_t3_medium_2_ramp.json","op":"BO_Add","proj":"BP_Bend","planet_size_range":[10,20],"required_content":"PAExpansion1"},{"group":"structural","layer":7,"brush_spec":"/pa/terrain/sand/brushes/sand_metal_t3_small_2_ramp.json","op":"BO_Add","proj":"BP_Bend","planet_size_range":[10,20],"required_content":"PAExpansion1"},{"group":"structural","layer":7,"brush_spec":"/pa/terrain/sand/brushes/sand_metal_t3_small_3_ramp.json","op":"BO_Add","proj":"BP_Bend","planet_size_range":[10,20],"required_content":"PAExpansion1"},{"group":"structural","layer":7,"brush_spec":"/pa/terrain/sand/brushes/sand_metal_t3_small_2x_1_ramp.json","op":"BO_Add","proj":"BP_Bend","planet_size_range":[10,20],"required_content":"PAExpansion1"}],"features":[{"note":"For demonstrating near-water placement. Set to an active layer to enable.","layer":0,"op":"BO_Add","noise_range":[0.0,1.0],"cluster_size":10,"elevation_range":[-0.6,0.3],"water_distance_range":[-60.0,30.0],"cluster_count_range":[3,7],"feature_spec":"/pa/terrain/grass/features/grass_tree_01.json","scale":[2.0,2.0,2.0]}],"decals":[{"layer":8,"bias":100,"noise_range":[0.0,1.0],"pos_range":[0,0],"elevation_range":[-1,1],"scale":[50,50,1],"scale_variation":0,"count":1,"material_spec":"/pa/terrain/sand/decals/sand_decal_01.json"},{"layer":9,"bias":200,"noise_range":[0.0,1.0],"pos_range":[0.2,0.2],"elevation_range":[-1,1],"biome_distance_range":[0,5],"scale":[60,60,1],"scale_variation":0.2,"count":1,"material_spec":"/pa/terrain/sand/decals/sand_decal_02.json"},{"layer":10,"bias":300,"noise_range":[0.0,1.0],"pos_range":[0,0],"elevation_range":[-1.0,-0.04],"scale":[70,70,1],"scale_variation":0.0,"count":1,"material_spec":"/pa/terrain/sand/decals/sand_decal_shore_01.json"}]}