{"name":"ashshore","color":[0.24,0.24,0.24,1],"base_texture":"/pa/terrain/ashshore/textures/base/asr_tile_diffuse.papa","normal_texture":"/pa/terrain/sand/textures/base/sand_tile_normal.papa",
"layers":[
    {"note":"0","disable":true,"noise":{"scale":1.5,"zoom":1,"type":"simplex"}},
    {"note":"1","noise":{"scale":1,"zoom":1,"type":"simplex"}},
    {"note":"2","noise":{"scale":3,"zoom":2,"type":"simplex"}},
    {"note":"3","noise":{"scale":4,"zoom":10,"type":"simplex"}},
    {"note":"4","inherit_noise":true},
    {"note":"5","inherit_noise":true},
    {"note":"6","inherit_noise":true},
    {"note":"7","inherit_noise":true},
    {"note":"8","inherit_noise":true},
    {"note":"9","inherit_noise":true},
    {"note":"10","inherit_noise":true},
    {"note":"11","inherit_noise":true},
    {"note":"12","inherit_noise":true},
    {"note":"13","inherit_noise":true},
    {"note":"14","inherit_noise":true},
    {"note":"15","inherit_noise":true},
    {"note":"16","inherit_noise":true},
    {"note":"17","inherit_noise":true}
    ],
"brushes":[
    ],
"features":[],
"decals":[
    {"layer":2,"bias":100,"noise_range":[-1,1],"elevation_range":[-1,1],"pos_range":[0.15,0.15],"scale":[50,50,1],"scale_variation":0.15,"count":1,"material_spec":"/pa/terrain/ashshore/decals/asr_decal_02.json"},
    {"layer":3,"bias":100,"noise_range":[-1,1],"elevation_range":[-1,0],"pos_range":[0.15,0.15],"scale":[50,50,1],"scale_variation":0.15,"count":1,"material_spec":"/pa/terrain/ashshore/decals/asr_decal_01.json"}
    ]}