{"name":"saltglaciers","color":[0.70,0.25,0.25,1],"base_texture":"/pa/terrain/saltglaciers/textures/base/sag_tile_diffuse.papa","normal_texture":"/pa/terrain/ice/textures/base/ice_tile_normal.papa",
"layers":[
    {"note":"0","disable":true,"noise":{"scale":1.5,"zoom":1,"type":"simplex"}},
    {"note":"1","noise":{"scale":1,"zoom":1,"type":"simplex"}},
    {"note":"2","noise":{"scale":3,"zoom":2,"type":"simplex"}},
    {"note":"3","noise":{"scale":4,"zoom":10,"type":"simplex"}},
    {"note":"4","inherit_noise":true},
    {"note":"5","inherit_noise":true},
    {"note":"6","inherit_noise":true},
    {"note":"7","inherit_noise":true},
    {"note":"8","inherit_noise":true},
    {"note":"9","inherit_noise":true},
    {"note":"10","inherit_noise":true},
    {"note":"11","inherit_noise":true},
    {"note":"12","inherit_noise":true},
    {"note":"13","inherit_noise":true},
    {"note":"14","inherit_noise":true},
    {"note":"15","inherit_noise":true},
    {"note":"16","inherit_noise":true},
    {"note":"17","inherit_noise":true}
    ],
"brushes":[
    {"group":"basic","layer":5,"brush_spec":"/pa/terrain/saltglaciers/brushes/sag_glacier_01.json","op":"BO_Add","proj":"BP_Bend","noise_range":[0.1,0.2],"biome_distance_range":[50,null],"threshold":0,"weight":1,"weight_scale":4,"bias":1,"scale":[1,1,1]}
    ],
"features":[
    {"layer":2,"op":"BO_Add","noise_range":[0.25,0.45],"cluster_size":14,"cluster_count_range":[3,7],"feature_spec":"/pa/terrain/saltglaciers/features/sag_rock_02.json","scale":[1.0,1.0,1.0]},
    {"layer":3,"op":"BO_Add","noise_range":[0.2,0.4],"cluster_size":10,"cluster_count_range":[1,3],"feature_spec":"/pa/terrain/saltglaciers/features/sag_rock_01.json","scale":[1.0,1.0,1.0]},
    {"layer":3,"op":"BO_Add","noise_range":[0.1,0.5],"cluster_size":10,"cluster_count_range":[1,2],"feature_spec":"/pa/terrain/saltglaciers/features/sag_rock_03.json","scale":[1.0,1.0,1.0]}
],
"decals":[
    {"layer":2,"bias":200,"noise_range":[0.0,1.0],"pos_range":[0,0],"elevation_range":[-1.0,1.0],"water_distance_range":[-60.0,null],"scale":[90,90,1],"scale_variation":0.32,"count":1,"material_spec":"/pa/terrain/saltglaciers/decals/sag_decal_01.json"}
]}