{"name":"purpledesolate","color":[0.70,0.50,0.40,1],"base_texture":"/pa/terrain/purpledesolate/textures/base/pud_tile_diffuse.papa","normal_texture":"/pa/terrain/desert/textures/base/desert_tile_normal.papa",
"layers":[
    {"note":"0","disable":true,"noise":{"scale":1.5,"zoom":1,"type":"simplex"}},
    {"note":"1","noise":{"scale":1,"zoom":1,"type":"simplex"}},
    {"note":"2","noise":{"scale":3,"zoom":2,"type":"simplex"}},
    {"note":"3","noise":{"scale":4,"zoom":10,"type":"simplex"}},
    {"note":"4","inherit_noise":true},
    {"note":"5","inherit_noise":true},
    {"note":"6","inherit_noise":true},
    {"note":"7","inherit_noise":true},
    {"note":"8","inherit_noise":true},
    {"note":"9","inherit_noise":true},
    {"note":"10","inherit_noise":true},
    {"note":"11","inherit_noise":true},
    {"note":"12","inherit_noise":true},
    {"note":"13","inherit_noise":true},
    {"note":"14","inherit_noise":true},
    {"note":"15","inherit_noise":true},
    {"note":"16","inherit_noise":true},
    {"note":"17","inherit_noise":true}
    ],
"brushes":[
    {"group":"basic","layer":5,"brush_spec":"/pa/terrain/purpledesolate/brushes/pud_butte_01.json","op":"BO_Add","proj":"BP_Bend","noise_range":[0.1,0.15],"biome_distance_range":[50,null],"threshold":0,"weight":1,"weight_scale":4,"bias":1,"scale":[1,1,1]},
    {"group":"basic","layer":5,"brush_spec":"/pa/terrain/purpledesolate/brushes/pud_butte_02.json","op":"BO_Add","proj":"BP_Bend","noise_range":[0.2,0.25],"biome_distance_range":[50,null],"threshold":0,"weight":1,"weight_scale":4,"bias":1,"scale":[1,1,1]}
    ],
"features":[
],
"decals":[
    {"layer":2,"bias":100,"noise_range":[0.0,1.0],"pos_range":[0.0,0.0],"elevation_range":[-1.0,1.0],"scale":[40,40,1],"scale_variation":0,"count":1,"material_spec":"/pa/terrain/purpledesolate/decals/pud_decal_01.json"},
    {"layer":3,"bias":100,"noise_range":[0.2,0.6],"pos_range":[0.0,0.0],"elevation_range":[-1.0,1.0],"scale":[70,70,1],"scale_variation":0.3,"count":1,"biome_distance_range":[50,null],"material_spec":"/pa/terrain/purpledesolate/decals/pud_decal_02.json"}
]}