{"name":"purplelush","color":[0.36,0.25,0.47,1],"base_texture":"/pa/terrain/purplelush/textures/base/pul_tile_diffuse.papa","normal_texture":"/pa/terrain/jungle/textures/base/jungle_tile_normal.papa",
"layers":[
    {"note":"0","disable":true,"noise":{"scale":1.5,"zoom":1,"type":"simplex"}},
    {"note":"1","noise":{"scale":1,"zoom":1,"type":"simplex"}},
    {"note":"2","noise":{"scale":3,"zoom":2,"type":"simplex"}},
    {"note":"3","noise":{"scale":4,"zoom":10,"type":"simplex"}},
    {"note":"4","inherit_noise":true},
    {"note":"5","inherit_noise":true},
    {"note":"6","inherit_noise":true},
    {"note":"7","inherit_noise":true},
    {"note":"8","inherit_noise":true},
    {"note":"9","inherit_noise":true},
    {"note":"10","inherit_noise":true},
    {"note":"11","inherit_noise":true},
    {"note":"12","inherit_noise":true},
    {"note":"13","inherit_noise":true},
    {"note":"14","inherit_noise":true},
    {"note":"15","inherit_noise":true},
    {"note":"16","inherit_noise":true},
    {"note":"17","inherit_noise":true}
    ],
"brushes":[
    ],
"features":[
    {"layer":10,"noise_range":[0.5,0.7],"cluster_count_range":[1,3],"cluster_size":10,"elevation_range":[-1,1],"feature_spec":"/pa/terrain/purplelush/features/pul_sprout_01.json","scale":[1,1,1]}
],
"decals":[
    {"layer":5,"bias":200,"noise_range":[0.0,1.0],"pos_range":[0.2,0.2],"biome_distance_range":[0,5],"elevation_range":[-1.0,1.0],"scale":[80,80,1],"scale_variation":0.2,"count":1,"material_spec":"/pa/terrain/purplelush/decals/pul_decal_02.json"},
    {"layer":6,"bias":100,"noise_range":[0.0,1.0],"pos_range":[0,0],"elevation_range":[-1.0,1.0],"scale":[50,50,1],"scale_variation":0,"count":1,"material_spec":"/pa/terrain/purplelush/decals/pul_decal_01.json"}
]}