{"name":"toxicmidlands","color":[0.70,0.25,0.25,1],"base_texture":"/pa/terrain/toxicmidlands/textures/base/tml_tile_diffuse.papa","normal_texture":"/pa/terrain/lava/textures/base/lava_tile_normal.papa",
"layers":[
    {"note":"0","disable":true,"noise":{"scale":1.5,"zoom":1,"type":"simplex"}},
    {"note":"1","noise":{"scale":1,"zoom":1,"type":"simplex"}},
    {"note":"2","noise":{"scale":3,"zoom":2,"type":"simplex"}},
    {"note":"3","noise":{"scale":4,"zoom":10,"type":"simplex"}},
    {"note":"4","inherit_noise":true},
    {"note":"5","inherit_noise":true},
    {"note":"6","inherit_noise":true},
    {"note":"7","inherit_noise":true},
    {"note":"8","inherit_noise":true},
    {"note":"9","inherit_noise":true},
    {"note":"10","inherit_noise":true},
    {"note":"11","inherit_noise":true},
    {"note":"12","inherit_noise":true},
    {"note":"13","inherit_noise":true},
    {"note":"14","inherit_noise":true},
    {"note":"15","inherit_noise":true},
    {"note":"16","inherit_noise":true},
    {"note":"17","inherit_noise":true}
    ],
"brushes":[
    {"group":"basic","layer":4,"brush_spec":"/pa/terrain/toxicmidlands/brushes/tml_rockformation_01.json","op":"BO_Add","proj":"BP_Bend","noise_range":[0.2,0.22],"biome_distance_range":[50,null],"threshold":0,"weight":1,"weight_scale":4,"bias":1,"scale_variation":0.3,"scale":[0.5,0.5,0.5]},
    {"group":"basic","layer":4,"brush_spec":"/pa/terrain/toxicmidlands/brushes/tml_rockformation_02.json","op":"BO_Add","proj":"BP_Bend","noise_range":[0.26,0.28],"biome_distance_range":[50,null],"threshold":0,"weight":1,"weight_scale":4,"bias":1,"scale_variation":0.3,"scale":[0.5,0.5,0.5]},
    {"group":"basic","layer":4,"brush_spec":"/pa/terrain/toxicmidlands/brushes/tml_rockformation_03.json","op":"BO_Add","proj":"BP_Bend","noise_range":[0.3,0.33],"biome_distance_range":[50,null],"threshold":0,"weight":1,"weight_scale":4,"bias":1,"scale_variation":0.3,"scale":[0.5,0.5,0.5]},
    {"group":"basic","layer":5,"brush_spec":"/pa/terrain/toxicmidlands/brushes/tml_jet_01.json","op":"BO_Add","proj":"BP_Bend","noise_range":[0.1,0.15],"biome_distance_range":[50,null],"threshold":0,"weight":1,"weight_scale":4,"bias":1,"scale_variation":0.3,"scale":[1,1,1]},
    {"group":"basic","layer":5,"brush_spec":"/pa/terrain/toxicmidlands/brushes/tml_mountain_01.json","op":"BO_Add","proj":"BP_Bend","noise_range":[0.1,0.15],"biome_distance_range":[50,null],"threshold":0,"weight":1,"weight_scale":4,"bias":1,"scale_variation":0.3,"scale":[0.5,0.5,0.5]}
],
"features":[
    {"layer":3,"op":"BO_Add","noise_range":[0.15,0.3],"cluster_size":12,"cluster_count_range":[2,5],"feature_spec":"/pa/terrain/toxicmidlands/features/tml_rocks_01.json","scale":[1,1,1],"scale_variation":0.2}
],
"decals":[
    {"layer":2,"bias":100,"noise_range":[0.0,1.0],"elevation_range":[-1,1],"pos_range":[0,0],"scale":[50,50,1],"scale_variation":0,"count":1,"material_spec":"/pa/terrain/toxicmidlands/decals/tml_decal_01.json"},
    {"layer":3,"bias":200,"noise_range":[0.5,0.6],"pos_range":[0.2,0.2],"elevation_range":[-1,1],"biome_distance_range":[50,null],"scale":[60,60,1],"scale_variation":0.0,"count":1,"material_spec":"/pa/terrain/toxicmidlands/decals/tml_decal_03.json"}
]}