{"name":"toxiclowlands","color":[0.70,0.25,0.25,1],"base_texture":"/pa/terrain/toxiclowlands/textures/base/tll_tile_diffuse.papa","normal_texture":"/pa/terrain/sand/textures/base/sand_tile_normal.papa",
"layers":[
    {"note":"0","disable":true,"noise":{"scale":1.5,"zoom":1,"type":"simplex"}},
    {"note":"1","noise":{"scale":1,"zoom":1,"type":"simplex"}},
    {"note":"2","noise":{"scale":3,"zoom":2,"type":"simplex"}},
    {"note":"3","noise":{"scale":4,"zoom":10,"type":"simplex"}},
    {"note":"4","inherit_noise":true},
    {"note":"5","inherit_noise":true},
    {"note":"6","inherit_noise":true},
    {"note":"7","inherit_noise":true},
    {"note":"8","inherit_noise":true},
    {"note":"9","inherit_noise":true},
    {"note":"10","inherit_noise":true},
    {"note":"11","inherit_noise":true},
    {"note":"12","inherit_noise":true},
    {"note":"13","inherit_noise":true},
    {"note":"14","inherit_noise":true},
    {"note":"15","inherit_noise":true},
    {"note":"16","inherit_noise":true},
    {"note":"17","inherit_noise":true}
    ],
"brushes":[],
"features":[
    {"layer":3,"op":"BO_Add","noise_range":[0.15,0.4],"cluster_size":20,"cluster_count_range":[1,6],"feature_spec":"/pa/terrain/toxiclowlands/features/tll_rock_02.json","scale":[1.2,1.2,1.2],"scale_variation":0.2},
    {"layer":4,"op":"BO_Add","noise_range":[0.2,0.25],"cluster_size":20,"cluster_count_range":[1,2],"feature_spec":"/pa/terrain/toxiclowlands/features/tll_rock_01.json","scale":[1.0,1.0,1.0]}
],
"decals":[
    {"layer":5,"bias":100,"noise_range":[0.0,1.0],"pos_range":[0,0],"elevation_range":[-1,1],"scale":[70,70,1],"scale_variation":0.5,"count":1,"material_spec":"/pa/terrain/toxiclowlands/decals/tll_decal_01.json"}
]}