{"name":"alientoxic",
"ambient_sound":"/SE/Ambience/Amb_Planet_Moon",
"metal_spot_spec":"/pa/effects/features/metal_splat_02.json",
"base_biome":"/pa/terrain/base/base.json",
"biomes":[
	{"spec":"/pa/terrain/toxiclowlands/toxiclowlands.json",
	"temperature":[-1,
	1,
	1],
"elevation":[
	-1,
	0.2,
	1],
"water_distance":[
	null,
	null,
	null]},
	{"spec":"/pa/terrain/toxicmidlands/toxicmidlands.json",
	"temperature":[-1,
	1,
	1],
"elevation":[
	0.2,
	1,
	1],
"water_distance":[
	null,
	null,
	null]}],
"enable_features":true,
"atmosphere":{"color":[
	1,
	0.9,
	0.15,
	0.75],
"hdr_intensity":2.0,
"ldr_intensity":1.0,
"density":15.0},
"lighting":{"sun":{"diffuse":[
	0.8,
	0.7,
	0.4],
"specular":[
	0.2,
	0.2,
	0.2],
"hdr_intensity":10.0,
"ldr_intensity":4.0},
"ambient":{"hdr_intensity":1.0,
"ldr_intensity":1.0,
"day_intensity_hdr":1.0,
"day_intensity_ldr":1.3,
"day_sky":[
	0.6,
	0.7,
	1.0],
"day_ground":[
	0.2,
	0.2,
	0.4],
"night_intensity_hdr":1.0,
"night_intensity_ldr":1.3,
"night_sky":[
	0.4,
	0.5,
	1.0],
"night_ground":[
	0.2,
	0.2,
	0.4]}}}