{"name":"alienpurple",
"ambient_sound":"/SE/Ambience/Amb_Planet_Earth",
"enable_features":true,
"base_biome":"/pa/terrain/base/base.json",
"biomes":[
	{"spec":"/pa/terrain/purplemodified/purplesand.json",
	"temperature":[0.0,
	1,
	1],
"elevation":[
	-1,
	0.2,
	1],
"water_distance":[
	null,
	40,
	1]},
{"spec":"/pa/terrain/purplelush/purplelush.json",
"temperature":[
	0.4,
	1.0,
	1],
"elevation":[
	0.1,
	0.9,
	1],
"water_distance":[
	-30,
	null,
	1]},
{"spec":"/pa/terrain/purplemodified/purpleice.json",
"temperature":[
	-1,
	-0.5,
	3],
"elevation":[
	-1,
	0.6,
	0],
"water_distance":[
	null,
	null,
	0]},
{"spec":"/pa/terrain/mountain/mountain.json",
"temperature":[
	-1,
	1,
	1],
"elevation":[
	0.6,
	1,
	3],
"water_distance":[
	null,
	null,
	0]},
{"spec":"/pa/terrain/purpledesolate/purpledesolate.json",
"temperature":[
	-0.6,
	1,
	1.5],
"elevation":[
	0.4,
	1.0,
	0.5],
"water_distance":[
	-30,
	null,
	1]},
{"spec":"/pa/terrain/purpleforest/purpleforest.json",
"temperature":[
	-0.7,
	1,
	1.5],
"elevation":[
	0.2,
	0.4,
	0.5],
"water_distance":[
	-30,
	null,
	1]}],
"atmosphere":{"color":[
	0.33,
	0.2,
	0.45,
	0.5],
"hdr_intensity":2.0,
"ldr_intensity":1.0,
"density":15.0},
"lighting":{"sun":{"diffuse":[
	0.8,
	0.7,
	0.4],
"specular":[
	0.2,
	0.2,
	0.2],
"hdr_intensity":10.0,
"ldr_intensity":4.0},
"ambient":{"hdr_intensity":1.0,
"ldr_intensity":1.0,
"day_intensity_hdr":1.0,
"day_intensity_ldr":1.3,
"day_sky":[
	0.6,
	0.7,
	1.0],
"day_ground":[
	0.2,
	0.2,
	0.4],
"night_intensity_hdr":1.0,
"night_intensity_ldr":1.3,
"night_sky":[
	0.4,
	0.5,
	1.0],
"night_ground":[
	0.2,
	0.2,
	0.4]}},
"water":{"shader":"planet_liquid_transparent",
"textures":{"DiffuseTexture":"/pa/terrain/effects/purple_water_diffuse.papa",
"NormalTexture":"/pa/effects/textures/water_normal.papa",
"DepthColorTexture":"/pa/terrain/effects/purple_water_depth_diffuse.papa",
"NoiseTexture":"/pa/effects/textures/CloudNoise.papa"}}}