{"name":"alienred",
"ambient_sound":"/SE/Ambience/Amb_Planet_Earth",
"enable_features":true,
"base_biome":"/pa/terrain/base/base.json",
"biomes":[
	{"spec":"/pa/terrain/ashshore/ashshore.json",
	"temperature":[-1.0,
	1,
	1],
"elevation":[
	-1,
	0.25,
	1],
"water_distance":[
	null,
	20,
	1]},
{"spec":"/pa/terrain/saltglaciers/saltglaciers.json",
"temperature":[
	-1,
	-0.5,
	3],
"elevation":[
	-1,
	0.6,
	0],
"water_distance":[
	0.2,
	null,
	0]},
{"spec":"/pa/terrain/redmainland/redmainland.json",
"temperature":[
	-0.5,
	1,
	2],
"elevation":[
	0.2,
	null,
	0.2],
"water_distance":[
	150,
	null,
	1]},
{"spec":"/pa/terrain/lava/lava.json",
"temperature":[
	-1,
	1,
	1],
"elevation":[
	0.4,
	1,
	3],
"water_distance":[
	null,
	null,
	0]}],
"atmosphere":{"color":[
	0.9,
	0.45,
	0.45,
	0.5],
"hdr_intensity":2.0,
"ldr_intensity":1.0,
"density":15.0},
"lighting":{"sun":{"diffuse":[
	0.8,
	0.7,
	0.4],
"specular":[
	0.2,
	0.2,
	0.2],
"hdr_intensity":10.0,
"ldr_intensity":4.0},
"ambient":{"hdr_intensity":1.0,
"ldr_intensity":1.0,
"day_intensity_hdr":1.0,
"day_intensity_ldr":1.3,
"day_sky":[
	0.6,
	0.7,
	1.0],
"day_ground":[
	0.2,
	0.2,
	0.4],
"night_intensity_hdr":1.0,
"night_intensity_ldr":1.3,
"night_sky":[
	0.4,
	0.5,
	1.0],
"night_ground":[
	0.2,
	0.2,
	0.4]}},
"water":{"shader":"planet_liquid_transparent",
"textures":{"DiffuseTexture":"/pa/terrain/effects/red_water_diffuse.papa",
"NormalTexture":"/pa/effects/textures/water_normal.papa",
"DepthColorTexture":"/pa/terrain/effects/red_water_depth_diffuse.papa",
"NoiseTexture":"/pa/effects/textures/CloudNoise.papa"}}}