{"name":"redmainland","color":[0.53,0.24,0.24,1],"base_texture":"/pa/terrain/redmainland/textures/base/rem_tile_diffuse.papa","normal_texture":"/pa/terrain/lava/textures/base/lava_tile_normal.papa",
"layers":[
    {"note":"0","disable":true,"noise":{"scale":1.5,"zoom":1,"type":"simplex"}},
    {"note":"1","noise":{"scale":1,"zoom":1,"type":"simplex"}},
    {"note":"2","noise":{"scale":3,"zoom":2,"type":"simplex"}},
    {"note":"3","noise":{"scale":4,"zoom":10,"type":"simplex"}},
    {"note":"4","inherit_noise":true},
    {"note":"5","inherit_noise":true},
    {"note":"6","inherit_noise":true},
    {"note":"7","inherit_noise":true},
    {"note":"8","inherit_noise":true},
    {"note":"9","inherit_noise":true},
    {"note":"10","inherit_noise":true},
    {"note":"11","inherit_noise":true},
    {"note":"12","inherit_noise":true},
    {"note":"13","inherit_noise":true},
    {"note":"14","inherit_noise":true},
    {"note":"15","inherit_noise":true},
    {"note":"16","inherit_noise":true},
    {"note":"17","inherit_noise":true}
    ],
"brushes":[
    ],
"features":[
    {"layer":3,"op":"BO_Add","noise_range":[0.2,0.4],"cluster_size":10,"cluster_count_range":[1,3],"feature_spec":"/pa/terrain/redmainland/features/rem_rock_01.json","scale":[1.0,1.0,1.0]}
],
"decals":[
    {"layer":1,"bias":100,"noise_range":[-1,1],"elevation_range":[0,1],"pos_range":[0.15,0.15],"scale":[60,60,1],"scale_variation":0.25,"count":1,"material_spec":"/pa/terrain/redmainland/decals/rem_decal_01.json"}
]}